Date,District,Rainfall_mm,Temperature_C,Humidity,OPD_Visits,Disease_Name,Risk_Level,Month,Outbreak_Index,Rain_7DayAvg,OPD_7DayAvg,Future_Risk
2025-01-07,Coimbatore,37.0,35.0,51.0,41.0,Flu,Medium,1,41.8,47.857142857142854,112.0,Medium
2025-01-08,Coimbatore,53.0,36.0,66.0,189.0,Flu,Medium,1,123.6,47.42857142857143,126.0,Medium
2025-01-09,Erode,64.0,39.0,55.0,209.0,Flu,Medium,1,134.7,47.285714285714285,135.71428571428572,Medium
2025-01-10,Chennai,51.0,28.0,59.0,127.0,Gastro,Medium,1,90.6,42.142857142857146,122.14285714285714,Low
2025-01-11,Chennai,59.0,34.0,59.0,150.0,Flu,Low,1,104.5,46.57142857142857,133.28571428571428,Low
2025-01-12,Coimbatore,55.0,30.0,46.0,92.0,Flu,Low,1,71.7,53.57142857142857,121.14285714285714,Low
2025-01-13,Salem,43.0,29.0,57.0,108.0,Flu,Low,1,78.3,51.714285714285715,130.85714285714286,Low
2025-01-14,Salem,64.0,27.0,53.0,28.0,Flu,Low,1,43.8,55.57142857142857,129.0,Low
2025-01-15,Chennai,57.0,29.0,41.0,111.0,Flu,Low,1,80.8,56.142857142857146,117.85714285714286,Low
2025-01-16,Salem,64.0,37.0,46.0,27.0,Flu,Medium,1,41.9,56.142857142857146,91.85714285714286,Medium
2025-01-17,Erode,51.0,39.0,42.0,100.0,Flu,Medium,1,73.7,56.142857142857146,88.0,Medium
2025-01-18,Salem,40.0,33.0,59.0,151.0,Flu,Low,1,99.3,53.42857142857143,88.14285714285714,Low
2025-01-19,Vellore,6.0,31.0,69.0,73.0,Flu,Low,1,52.1,46.42857142857143,85.42857142857143,Low
2025-01-20,Trichy,8.0,38.0,61.0,210.0,Flu,Medium,1,119.6,41.42857142857143,100.0,Medium
2025-01-21,Chennai,22.0,37.0,65.0,181.0,Flu,Medium,1,110.1,35.42857142857143,121.85714285714286,Medium
2025-01-22,Madurai,78.0,29.0,69.0,33.0,Flu,Low,1,53.7,38.42857142857143,110.71428571428571,Low
2025-01-23,Erode,52.0,33.0,54.0,225.0,Flu,Low,1,138.9,36.714285714285715,139.0,Low
2025-01-24,Tirunelveli,66.0,30.0,47.0,227.0,Flu,Low,1,142.7,38.857142857142854,157.14285714285714,Low
2025-01-25,Trichy,86.0,30.0,54.0,43.0,Flu,Low,1,58.1,45.42857142857143,141.71428571428572,Low
2025-01-26,Madurai,30.0,37.0,64.0,207.0,Flu,Medium,1,125.3,48.857142857142854,160.85714285714286,Medium
2025-01-27,Salem,45.0,38.0,68.0,84.0,Flu,Medium,1,69.1,54.142857142857146,142.85714285714286,Medium
2025-01-28,Tirunelveli,75.0,33.0,48.0,148.0,Flu,Low,1,106.1,61.714285714285715,138.14285714285714,Low
2025-01-29,Coimbatore,12.0,36.0,63.0,100.0,Flu,Medium,1,66.2,52.285714285714285,147.71428571428572,Medium
2025-01-30,Coimbatore,12.0,28.0,42.0,52.0,Flu,Low,1,38.0,46.57142857142857,123.0,Low
2025-01-31,Erode,9.0,32.0,49.0,60.0,Flu,Low,1,42.5,38.42857142857143,99.14285714285714,Low
2025-02-01,Coimbatore,32.0,34.0,46.0,91.0,Flu,Low,2,64.3,30.714285714285715,106.0,Low
2025-02-02,Tirunelveli,16.0,33.0,41.0,127.0,Flu,Low,2,76.5,28.714285714285715,94.57142857142857,Low
2025-02-03,Tirunelveli,27.0,33.0,69.0,56.0,Flu,Low,2,49.9,26.142857142857142,90.57142857142857,Low
2025-02-04,Trichy,48.0,31.0,47.0,238.0,Flu,Low,2,142.8,22.285714285714285,103.42857142857143,Low
2025-02-05,Chennai,39.0,28.0,40.0,120.0,Flu,Low,2,79.7,26.142857142857142,106.28571428571429,Low
2025-02-06,Vellore,51.0,28.0,53.0,20.0,Flu,Low,2,35.9,31.714285714285715,101.71428571428571,Low
2025-02-07,Coimbatore,9.0,32.0,65.0,161.0,Gastro,Medium,2,96.2,31.714285714285715,116.14285714285714,Low
2025-02-08,Erode,31.0,35.0,48.0,61.0,Flu,Medium,2,49.4,31.571428571428573,111.85714285714286,Medium
2025-02-09,Coimbatore,81.0,32.0,58.0,71.0,Flu,Low,2,71.4,40.857142857142854,103.85714285714286,Low
2025-02-10,Trichy,8.0,30.0,69.0,170.0,Gastro,Medium,2,101.2,38.142857142857146,120.14285714285714,Low
2025-02-11,Tirunelveli,19.0,38.0,50.0,55.0,Flu,Medium,2,43.2,34.0,94.0,Medium
2025-02-12,Salem,17.0,36.0,46.0,105.0,Flu,Medium,2,66.8,30.857142857142858,91.85714285714286,Medium
2025-02-13,Coimbatore,32.0,35.0,41.0,127.0,Flu,Medium,2,81.3,28.142857142857142,107.14285714285714,Medium
2025-02-14,Chennai,66.0,33.0,64.0,153.0,Gastro,Medium,2,109.1,36.285714285714285,106.0,Low
2025-02-15,Salem,32.0,37.0,67.0,63.0,Flu,Medium,2,54.5,36.42857142857143,106.28571428571429,Medium
2025-02-16,Trichy,88.0,39.0,69.0,94.0,Flu,Medium,2,87.2,37.42857142857143,109.57142857142857,Medium
2025-02-17,Coimbatore,66.0,26.0,40.0,140.0,Flu,Low,2,97.8,45.714285714285715,105.28571428571429,Low
2025-02-18,Salem,31.0,34.0,69.0,135.0,Gastro,Medium,2,90.6,47.42857142857143,116.71428571428571,Low
2025-02-19,Coimbatore,81.0,28.0,48.0,122.0,Flu,Low,2,94.9,56.57142857142857,119.14285714285714,Low
2025-02-21,Trichy,66.0,26.0,44.0,70.0,Flu,Low,2,63.6,61.42857142857143,111.0,Low
2025-02-22,Vellore,48.0,36.0,63.0,137.0,Flu,Medium,2,95.5,58.857142857142854,108.71428571428571,Medium
2025-02-23,Tirunelveli,36.0,33.0,59.0,199.0,Gastro,Medium,2,122.1,59.42857142857143,128.14285714285714,Low
2025-02-24,Madurai,66.0,35.0,56.0,71.0,Flu,Medium,2,66.5,56.285714285714285,124.85714285714286,Medium
2025-02-25,Tirunelveli,16.0,32.0,69.0,149.0,Gastro,Medium,2,93.1,49.142857142857146,126.14285714285714,Low
2025-02-26,Tirunelveli,56.0,33.0,56.0,132.0,Flu,Low,2,94.0,52.714285714285715,125.71428571428571,Low
2025-02-27,Salem,60.0,36.0,56.0,132.0,Flu,Medium,2,95.2,49.714285714285715,127.14285714285714,Medium
2025-02-28,Trichy,6.0,37.0,41.0,73.0,Flu,Medium,2,46.5,41.142857142857146,127.57142857142857,Medium
2025-03-01,Coimbatore,5.0,39.0,58.0,149.0,Flu,Medium,3,87.6,35.0,129.28571428571428,Medium
2025-03-02,Madurai,57.0,35.0,51.0,179.0,Flu,Medium,3,116.8,38.0,126.42857142857143,Medium
2025-03-03,Salem,74.0,29.0,62.0,202.0,Gastro,Medium,3,135.6,39.142857142857146,145.14285714285714,Low
2025-03-04,Madurai,79.0,36.0,63.0,164.0,Flu,Medium,3,118.3,48.142857142857146,147.28571428571428,Medium
2025-03-05,Vellore,42.0,30.0,63.0,135.0,Gastro,Medium,3,92.7,46.142857142857146,147.71428571428572,Low
2025-03-06,Erode,74.0,36.0,61.0,163.0,Flu,Medium,3,115.9,48.142857142857146,152.14285714285714,Medium
2025-03-07,Trichy,77.0,36.0,67.0,89.0,Flu,Medium,3,81.0,58.285714285714285,154.42857142857142,Medium
2025-03-08,Salem,84.0,28.0,68.0,167.0,Gastro,Medium,3,122.3,69.57142857142857,157.0,Low
2025-03-09,Tirunelveli,63.0,28.0,43.0,109.0,Flu,Low,3,82.0,70.42857142857143,147.0,Low
2025-03-10,Chennai,71.0,29.0,58.0,115.0,Flu,Low,3,90.4,70.0,134.57142857142858,Low
2025-03-11,Salem,75.0,34.0,59.0,180.0,Flu,Low,3,124.3,69.42857142857143,136.85714285714286,Low
2025-03-12,Chennai,44.0,33.0,46.0,123.0,Flu,Low,3,83.9,69.71428571428571,135.14285714285714,Low
2025-03-13,Tirunelveli,5.0,33.0,50.0,204.0,Flu,Medium,3,113.5,59.857142857142854,141.0,Low
2025-03-14,Erode,54.0,39.0,62.0,61.0,Flu,Medium,3,59.1,56.57142857142857,137.0,Medium
2025-03-15,Trichy,11.0,35.0,67.0,131.0,Flu,Medium,3,82.2,46.142857142857146,131.85714285714286,Medium
2025-03-16,Coimbatore,64.0,27.0,56.0,148.0,Flu,Low,3,104.4,46.285714285714285,137.42857142857142,Low
2025-03-17,Salem,52.0,33.0,69.0,216.0,Flu,Medium,3,137.4,43.57142857142857,151.85714285714286,Low
2025-03-18,Tirunelveli,41.0,32.0,66.0,28.0,Flu,Low,3,39.5,38.714285714285715,130.14285714285714,Low
2025-03-19,Salem,23.0,28.0,55.0,167.0,Flu,Low,3,101.4,35.714285714285715,136.42857142857142,Low
2025-03-20,Vellore,56.0,33.0,61.0,127.0,Gastro,Medium,3,92.5,43.0,125.42857142857143,Low
2025-03-21,Erode,28.0,36.0,59.0,132.0,Flu,Medium,3,86.2,39.285714285714285,135.57142857142858,Medium
2025-03-22,Vellore,76.0,31.0,43.0,123.0,Flu,Low,3,92.9,48.57142857142857,134.42857142857142,Low
2025-03-23,Madurai,88.0,28.0,69.0,131.0,Gastro,Medium,3,105.7,52.0,132.0,Low
2025-03-24,Trichy,29.0,27.0,68.0,147.0,Gastro,Medium,3,95.8,48.714285714285715,122.14285714285714,Low
2025-03-25,Madurai,86.0,31.0,41.0,182.0,Flu,Low,3,125.0,55.142857142857146,144.14285714285714,Low
2025-03-26,Salem,84.0,34.0,68.0,247.0,Gastro,Medium,3,162.3,63.857142857142854,155.57142857142858,Low
2025-03-27,Trichy,37.0,26.0,43.0,161.0,Flu,Low,3,100.2,61.142857142857146,160.42857142857142,Low
2025-03-28,Erode,25.0,29.0,55.0,147.0,Flu,Low,3,92.0,60.714285714285715,162.57142857142858,Low
2025-03-29,Erode,12.0,28.0,46.0,127.0,Flu,Low,3,76.3,51.57142857142857,163.14285714285714,Low
2025-03-30,Tirunelveli,37.0,37.0,55.0,206.0,Flu,Medium,3,125.1,44.285714285714285,173.85714285714286,Medium
2025-03-31,Salem,26.0,33.0,53.0,57.0,Flu,Medium,3,46.900000000000006,43.857142857142854,161.0,Low
2025-04-01,Madurai,55.0,33.0,61.0,46.0,Flu,Low,4,51.7,39.42857142857143,141.57142857142858,Low
2025-04-02,Vellore,31.0,30.0,41.0,49.0,Flu,Low,4,42.0,31.857142857142858,113.28571428571429,Low
2025-04-03,Coimbatore,32.0,33.0,54.0,216.0,Flu,Low,4,128.4,31.142857142857142,121.14285714285714,Low
2025-04-04,Chennai,65.0,28.0,55.0,23.0,Flu,Low,4,42.0,36.857142857142854,103.42857142857143,Low
2025-04-05,Coimbatore,39.0,26.0,56.0,191.0,Flu,Low,4,118.4,40.714285714285715,112.57142857142857,Low
2025-04-06,Madurai,34.0,39.0,59.0,136.0,Flu,Medium,4,90.0,40.285714285714285,102.57142857142857,Medium
2025-04-07,Madurai,10.0,37.0,42.0,127.0,Flu,Medium,4,74.9,38.0,112.57142857142857,Medium
2025-04-08,Erode,28.0,26.0,68.0,65.0,Flu,Low,4,54.5,34.142857142857146,115.28571428571429,Low
2025-04-09,Coimbatore,57.0,37.0,42.0,244.0,Flu,Medium,4,147.5,37.857142857142854,143.14285714285714,Medium
2025-04-10,Erode,67.0,30.0,68.0,179.0,Gastro,Medium,4,123.2,42.857142857142854,137.85714285714286,Low
2025-04-11,Erode,56.0,27.0,42.0,44.0,Flu,Low,4,47.2,41.57142857142857,140.85714285714286,Low
2025-04-12,Vellore,58.0,28.0,65.0,123.0,Gastro,Medium,4,91.9,44.285714285714285,131.14285714285714,Low
2025-04-13,Trichy,50.0,27.0,63.0,51.0,Flu,Low,4,53.1,46.57142857142857,119.0,Low
2025-04-14,Chennai,51.0,32.0,61.0,213.0,Gastro,Medium,4,134.0,52.42857142857143,131.28571428571428,Low
2025-04-15,Coimbatore,31.0,27.0,49.0,237.0,Flu,Low,4,137.6,52.857142857142854,155.85714285714286,Low
2025-04-16,Trichy,21.0,26.0,47.0,156.0,Flu,Low,4,93.7,47.714285714285715,143.28571428571428,Low
2025-04-17,Tirunelveli,47.0,32.0,61.0,240.0,Gastro,Medium,4,146.3,44.857142857142854,152.0,Low
2025-04-18,Coimbatore,46.0,35.0,62.0,118.0,Flu,Medium,4,85.2,43.42857142857143,162.57142857142858,Medium
2025-04-19,Trichy,54.0,33.0,64.0,32.0,Flu,Low,4,45.0,42.857142857142854,149.57142857142858,Low
2025-04-20,Erode,64.0,32.0,65.0,76.0,Flu,Low,4,70.2,44.857142857142854,153.14285714285714,Low
2025-04-21,Madurai,40.0,29.0,52.0,84.0,Flu,Low,4,64.4,43.285714285714285,134.71428571428572,Low
2025-04-22,Vellore,12.0,39.0,53.0,223.0,Flu,Medium,4,125.7,40.57142857142857,132.71428571428572,Medium
2025-04-23,Chennai,19.0,27.0,67.0,85.0,Gastro,Medium,4,61.6,40.285714285714285,122.57142857142857,Low
2025-04-24,Trichy,36.0,31.0,62.0,70.0,Flu,Low,4,58.2,38.714285714285715,98.28571428571429,Low
2025-04-25,Madurai,29.0,39.0,65.0,144.0,Flu,Medium,4,93.7,36.285714285714285,102.0,Medium
2025-04-26,Coimbatore,26.0,35.0,65.0,105.0,Flu,Medium,4,73.3,32.285714285714285,112.42857142857143,Medium
2025-04-27,Trichy,53.0,35.0,59.0,89.0,Flu,Medium,4,72.2,30.714285714285715,114.28571428571429,Medium
2025-04-28,Salem,19.0,36.0,61.0,207.0,Flu,Medium,4,121.4,27.714285714285715,131.85714285714286,Medium
2025-04-29,Madurai,12.0,37.0,60.0,127.0,Flu,Medium,4,79.1,27.714285714285715,118.14285714285714,Medium
2025-04-30,Tirunelveli,9.0,29.0,46.0,25.0,Flu,Low,4,24.4,26.285714285714285,109.57142857142857,Low
2025-05-01,Madurai,2.0,18.0,25.0,10.0,Flu,Low,5,10.6,21.428571428571427,101.0,Low
2025-05-02,Chennai,56.0,38.0,55.0,133.0,Flu,Medium,5,94.3,25.285714285714285,99.42857142857143,Medium
2025-05-03,Tirunelveli,34.0,33.0,58.0,139.0,Flu,Low,5,91.3,26.428571428571427,104.28571428571429,Low
2025-05-04,Vellore,67.0,37.0,58.0,77.0,Flu,Medium,5,70.2,28.428571428571427,102.57142857142857,Medium
2025-05-05,Chennai,59.0,30.0,65.0,237.0,Gastro,Medium,5,149.2,34.142857142857146,106.85714285714286,Low
2025-05-06,Coimbatore,66.0,34.0,62.0,159.0,Gastro,Medium,5,111.7,41.857142857142854,111.42857142857143,Low
2025-05-07,Tirunelveli,5.0,35.0,65.0,20.0,Flu,Medium,5,24.5,41.285714285714285,110.71428571428571,Medium
2025-05-08,Trichy,38.0,31.0,69.0,67.0,Flu,Low,5,58.7,46.42857142857143,118.85714285714286,Low
2025-05-09,Salem,5.0,38.0,55.0,127.0,Flu,Medium,5,76.0,39.142857142857146,118.0,Medium
2025-05-10,Chennai,67.0,31.0,44.0,112.0,Flu,Low,5,84.9,43.857142857142854,114.14285714285714,Low
2025-05-11,Salem,71.0,35.0,51.0,127.0,Flu,Medium,5,95.0,44.42857142857143,121.28571428571429,Medium
2025-05-12,Coimbatore,55.0,31.0,44.0,204.0,Flu,Low,5,127.3,43.857142857142854,116.57142857142857,Low
2025-05-13,Coimbatore,33.0,37.0,53.0,88.0,Flu,Medium,5,64.5,39.142857142857146,106.42857142857143,Medium
2025-05-14,Vellore,51.0,39.0,56.0,209.0,Flu,Medium,5,131.0,45.714285714285715,133.42857142857142,Medium
2025-05-15,Coimbatore,56.0,35.0,59.0,237.0,Flu,Medium,5,147.1,48.285714285714285,157.71428571428572,Medium
2025-05-16,Madurai,52.0,32.0,60.0,119.0,Flu,Low,5,87.1,55.0,156.57142857142858,Low
2025-05-17,Madurai,37.0,39.0,69.0,120.0,Flu,Medium,5,84.9,50.714285714285715,157.71428571428572,Medium
2025-05-18,Vellore,27.0,35.0,65.0,88.0,Flu,Medium,5,65.1,44.42857142857143,152.14285714285714,Medium
2025-05-19,Madurai,38.0,35.0,59.0,166.0,Flu,Medium,5,106.2,42.0,146.71428571428572,Medium
2025-05-20,Trichy,62.0,33.0,59.0,88.0,Flu,Low,5,74.4,46.142857142857146,146.71428571428572,Low
2025-05-21,Erode,8.0,33.0,55.0,99.0,Flu,Low,5,62.9,40.0,131.0,Low
2025-05-22,Salem,6.0,37.0,56.0,147.0,Flu,Medium,5,86.5,32.857142857142854,118.14285714285714,Medium
2025-05-23,Salem,36.0,29.0,66.0,171.0,Gastro,Medium,5,109.5,30.571428571428573,125.57142857142857,Low
2025-05-24,Trichy,16.0,28.0,57.0,143.0,Flu,Low,5,87.7,27.571428571428573,128.85714285714286,Low
2025-05-25,Erode,37.0,38.0,40.0,198.0,Flu,Medium,5,118.1,29.0,144.57142857142858,Medium
2025-05-26,Tirunelveli,47.0,37.0,44.0,86.0,Flu,Medium,5,65.9,30.285714285714285,133.14285714285714,Medium
2025-05-27,Vellore,69.0,33.0,40.0,93.0,Flu,Low,5,75.2,31.285714285714285,133.85714285714286,Low
2025-05-28,Vellore,47.0,38.0,51.0,160.0,Flu,Medium,5,104.3,36.857142857142854,142.57142857142858,Medium
2025-05-29,Coimbatore,16.0,27.0,53.0,54.0,Flu,Low,5,42.400000000000006,38.285714285714285,129.28571428571428,Low
2025-05-30,Salem,85.0,33.0,65.0,112.0,Gastro,Medium,5,94.5,45.285714285714285,120.85714285714286,Low
2025-05-31,Salem,30.0,35.0,49.0,181.0,Flu,Medium,5,109.3,47.285714285714285,126.28571428571429,Medium
2025-06-01,Coimbatore,11.0,35.0,43.0,133.0,Flu,Medium,6,78.4,43.57142857142857,117.0,Medium
2025-06-02,Tirunelveli,79.0,33.0,68.0,183.0,Gastro,Medium,6,128.8,48.142857142857146,130.85714285714286,Low
2025-06-03,Chennai,25.0,34.0,68.0,183.0,Gastro,Medium,6,112.6,41.857142857142854,143.71428571428572,Low
2025-06-04,Salem,14.0,34.0,44.0,171.0,Flu,Low,6,98.5,37.142857142857146,145.28571428571428,Low
2025-06-05,Salem,68.0,26.0,42.0,118.0,Flu,Low,6,87.8,44.57142857142857,154.42857142857142,Low
2025-06-06,Chennai,40.0,26.0,57.0,115.0,Flu,Low,6,80.9,38.142857142857146,154.85714285714286,Low
2025-06-07,Coimbatore,28.0,39.0,62.0,243.0,Flu,Medium,6,142.3,37.857142857142854,163.71428571428572,Medium
2025-06-08,Chennai,41.0,26.0,51.0,127.0,Flu,Low,6,86.0,42.142857142857146,162.85714285714286,Low
2025-06-09,Salem,17.0,34.0,62.0,118.0,Gastro,Medium,6,76.5,33.285714285714285,153.57142857142858,Low
2025-06-10,Coimbatore,34.0,26.0,56.0,81.0,Flu,Low,6,61.9,34.57142857142857,139.0,Low
2025-06-11,Chennai,88.0,34.0,55.0,105.0,Flu,Low,6,89.9,45.142857142857146,129.57142857142858,Low
2025-06-12,Tirunelveli,17.0,28.0,66.0,196.0,Gastro,Medium,6,116.3,37.857142857142854,140.71428571428572,Low
2025-06-13,Coimbatore,16.0,34.0,68.0,166.0,Gastro,Medium,6,101.4,34.42857142857143,148.0,Low
2025-06-14,Salem,80.0,33.0,48.0,47.0,Flu,Low,6,57.1,41.857142857142854,120.0,Low
2025-06-15,Trichy,82.0,28.0,59.0,130.0,Flu,Low,6,101.4,47.714285714285715,120.42857142857143,Low
2025-06-16,Vellore,56.0,30.0,60.0,118.0,Flu,Low,6,87.8,53.285714285714285,120.42857142857143,Low
2025-06-17,Salem,16.0,33.0,64.0,142.0,Gastro,Medium,6,88.6,50.714285714285715,129.14285714285714,Low
2025-06-18,Madurai,89.0,30.0,43.0,170.0,Flu,Low,6,120.3,50.857142857142854,138.42857142857142,Low
2025-06-19,Vellore,56.0,32.0,64.0,128.0,Gastro,Medium,6,93.6,56.42857142857143,128.71428571428572,Low
2025-06-20,Salem,57.0,35.0,59.0,186.0,Flu,Medium,6,121.9,62.285714285714285,131.57142857142858,Medium
2025-06-21,Vellore,18.0,30.0,65.0,182.0,Gastro,Medium,6,109.4,53.42857142857143,150.85714285714286,Low
2025-06-22,Erode,79.0,37.0,57.0,28.0,Flu,Medium,6,49.1,53.0,136.28571428571428,Medium
2025-06-23,Salem,78.0,37.0,65.0,164.0,Flu,Medium,6,118.4,56.142857142857146,142.85714285714286,Medium
2025-06-24,Coimbatore,11.0,38.0,53.0,187.0,Flu,Medium,6,107.4,55.42857142857143,149.28571428571428,Medium
2025-06-25,Coimbatore,46.0,33.0,48.0,46.0,Flu,Low,6,46.4,49.285714285714285,131.57142857142858,Low
2025-06-26,Erode,70.0,38.0,44.0,184.0,Flu,Medium,6,121.8,51.285714285714285,139.57142857142858,Medium
2025-06-27,Tirunelveli,42.0,33.0,58.0,128.0,Flu,Low,6,88.2,49.142857142857146,131.28571428571428,Low
2025-06-28,Erode,69.0,29.0,61.0,164.0,Gastro,Medium,6,114.9,56.42857142857143,128.71428571428572,Low
2025-06-29,Erode,75.0,38.0,64.0,151.0,Flu,Medium,6,110.8,55.857142857142854,146.28571428571428,Medium
2025-06-30,Vellore,40.0,37.0,59.0,178.0,Flu,Medium,6,112.8,50.42857142857143,148.28571428571428,Medium
2025-07-01,Chennai,23.0,37.0,68.0,201.0,Flu,Medium,7,121.0,52.142857142857146,150.28571428571428,Medium
2025-07-02,Coimbatore,43.0,35.0,66.0,109.0,Flu,Medium,7,80.6,51.714285714285715,159.28571428571428,Medium
2025-07-03,Chennai,23.0,39.0,46.0,214.0,Flu,Medium,7,123.1,45.0,163.57142857142858,Medium
2025-07-04,Erode,49.0,27.0,52.0,239.0,Flu,Low,7,144.6,46.0,179.42857142857142,Low
2025-07-05,Tirunelveli,62.0,33.0,59.0,219.0,Flu,Medium,7,139.9,45.0,187.28571428571428,Low
2025-07-06,Coimbatore,65.0,32.0,48.0,20.0,Flu,Low,7,39.1,43.57142857142857,168.57142857142858,Low
2025-07-07,Salem,7.0,37.0,52.0,209.0,Flu,Medium,7,117.0,38.857142857142854,173.0,Medium
2025-07-08,Salem,67.0,26.0,67.0,172.0,Gastro,Medium,7,119.5,45.142857142857146,168.85714285714286,Low
2025-07-09,Salem,56.0,31.0,40.0,136.0,Flu,Low,7,92.8,47.0,172.71428571428572,Low
2025-07-10,Vellore,10.0,37.0,65.0,192.0,Flu,Medium,7,112.0,45.142857142857146,169.57142857142858,Medium
2025-07-11,Madurai,36.0,38.0,52.0,66.0,Flu,Medium,7,54.2,43.285714285714285,144.85714285714286,Medium
2025-07-12,Erode,25.0,31.0,55.0,232.0,Flu,Low,7,134.5,38.0,146.71428571428572,Low
2025-07-13,Madurai,79.0,30.0,67.0,183.0,Gastro,Medium,7,128.6,40.0,170.0,Low
2025-07-14,Trichy,23.0,33.0,59.0,165.0,Flu,Low,7,101.2,42.285714285714285,163.71428571428572,Low
2025-07-15,Vellore,51.0,26.0,48.0,33.0,Flu,Low,7,41.4,40.0,143.85714285714286,Low
2025-07-16,Salem,19.0,30.0,40.0,73.0,Flu,Low,7,50.2,34.714285714285715,134.85714285714286,Low
2025-07-17,Coimbatore,7.0,32.0,55.0,204.0,Flu,Low,7,115.1,34.285714285714285,136.57142857142858,Low
2025-07-18,Vellore,79.0,35.0,51.0,243.0,Flu,Medium,7,155.4,40.42857142857143,161.85714285714286,Medium
2025-07-19,Coimbatore,20.0,31.0,47.0,127.0,Flu,Low,7,78.9,39.714285714285715,146.85714285714286,Low
2025-07-20,Chennai,28.0,30.0,67.0,27.0,Flu,Low,7,35.3,32.42857142857143,124.57142857142857,Low
2025-07-21,Chennai,40.0,33.0,65.0,205.0,Gastro,Medium,7,127.5,34.857142857142854,130.28571428571428,Low
2025-07-22,Coimbatore,56.0,37.0,57.0,239.0,Flu,Medium,7,147.7,35.57142857142857,159.71428571428572,Medium
2025-07-23,Salem,45.0,36.0,43.0,210.0,Flu,Medium,7,127.1,39.285714285714285,179.28571428571428,Medium
2025-07-24,Madurai,21.0,26.0,48.0,231.0,Flu,Low,7,131.4,41.285714285714285,183.14285714285714,Low
2025-07-25,Erode,81.0,38.0,59.0,160.0,Flu,Medium,7,116.1,41.57142857142857,171.28571428571428,Medium
2025-07-26,Vellore,50.0,38.0,42.0,127.0,Flu,Medium,7,86.9,45.857142857142854,171.28571428571428,Medium
2025-07-27,Vellore,86.0,30.0,58.0,66.0,Flu,Low,7,70.4,54.142857142857146,176.85714285714286,Low
2025-07-28,Salem,29.0,35.0,41.0,75.0,Flu,Medium,7,54.4,52.57142857142857,158.28571428571428,Medium
2025-07-29,Erode,34.0,36.0,57.0,128.0,Flu,Medium,7,85.6,49.42857142857143,142.42857142857142,Medium
2025-07-30,Chennai,9.0,33.0,62.0,52.0,Flu,Low,7,41.1,44.285714285714285,119.85714285714286,Low
2025-07-31,Madurai,56.0,26.0,57.0,30.0,Flu,Low,7,43.2,49.285714285714285,91.14285714285714,Low
2025-08-01,Erode,89.0,34.0,65.0,105.0,Gastro,Medium,8,92.2,50.42857142857143,83.28571428571429,Low
2025-08-02,Chennai,63.0,26.0,66.0,224.0,Gastro,Medium,8,144.1,52.285714285714285,97.14285714285714,Low
2025-08-03,Erode,37.0,34.0,41.0,118.0,Flu,Low,8,78.3,45.285714285714285,104.57142857142857,Low
2025-08-04,Trichy,5.0,32.0,60.0,25.0,Flu,Low,8,26.0,41.857142857142854,97.42857142857143,Low
2025-08-05,Vellore,85.0,30.0,44.0,121.0,Flu,Low,8,94.8,49.142857142857146,96.42857142857143,Low
2025-08-06,Trichy,7.0,32.0,60.0,248.0,Flu,Low,8,138.1,48.857142857142854,124.42857142857143,Low
2025-08-07,Erode,57.0,35.0,44.0,221.0,Flu,Medium,8,136.4,49.0,151.71428571428572,Medium
2025-08-08,Vellore,87.0,30.0,56.0,97.0,Flu,Low,8,85.8,48.714285714285715,150.57142857142858,Low
2025-08-09,Madurai,77.0,26.0,53.0,70.0,Flu,Low,8,68.7,50.714285714285715,128.57142857142858,Low
2025-08-10,Salem,49.0,29.0,52.0,209.0,Flu,Low,8,129.6,52.42857142857143,141.57142857142858,Low
2025-08-11,Trichy,69.0,33.0,56.0,51.0,Flu,Low,8,57.4,61.57142857142857,145.28571428571428,Low
2025-08-12,Salem,38.0,33.0,67.0,58.0,Flu,Low,8,53.8,54.857142857142854,136.28571428571428,Low
2025-08-13,Chennai,30.0,27.0,65.0,201.0,Gastro,Medium,8,122.5,58.142857142857146,129.57142857142858,Low
2025-08-14,Chennai,7.0,27.0,66.0,31.0,Flu,Low,8,30.8,51.0,102.42857142857143,Low
2025-08-15,Tirunelveli,56.0,37.0,61.0,152.0,Flu,Medium,8,105.0,46.57142857142857,110.28571428571429,Medium
2025-08-16,Chennai,61.0,32.0,56.0,226.0,Flu,Low,8,142.5,44.285714285714285,132.57142857142858,Low
2025-08-17,Chennai,89.0,27.0,59.0,127.0,Flu,Low,8,102.0,50.0,120.85714285714286,Low
2025-08-18,Vellore,55.0,31.0,46.0,211.0,Flu,Low,8,131.2,48.0,143.71428571428572,Low
2025-08-19,Madurai,42.0,27.0,57.0,101.0,Flu,Low,8,74.5,48.57142857142857,149.85714285714286,Low
2025-08-20,Chennai,34.0,36.0,54.0,198.0,Flu,Medium,8,120.0,49.142857142857146,149.42857142857142,Medium
2025-08-21,Coimbatore,67.0,29.0,41.0,185.0,Flu,Low,8,120.8,57.714285714285715,171.42857142857142,Low
2025-08-22,Madurai,83.0,39.0,67.0,125.0,Flu,Medium,8,100.8,61.57142857142857,167.57142857142858,Medium
2025-08-23,Coimbatore,55.0,30.0,56.0,48.0,Flu,Low,8,51.7,60.714285714285715,142.14285714285714,Low
2025-08-24,Coimbatore,8.0,33.0,49.0,164.0,Flu,Low,8,94.2,49.142857142857146,147.42857142857142,Low
2025-08-25,Salem,78.0,37.0,56.0,103.0,Flu,Medium,8,86.1,52.42857142857143,132.0,Medium
2025-08-26,Erode,73.0,31.0,41.0,127.0,Flu,Low,8,93.6,56.857142857142854,135.71428571428572,Low
2025-08-27,Coimbatore,70.0,39.0,52.0,62.0,Flu,Medium,8,62.4,62.0,116.28571428571429,Medium
2025-08-28,Salem,79.0,34.0,58.0,170.0,Flu,Low,8,120.3,63.714285714285715,114.14285714285714,Low
2025-08-29,Chennai,59.0,36.0,55.0,137.0,Flu,Medium,8,97.2,60.285714285714285,115.85714285714286,Medium
2025-08-30,Coimbatore,20.0,29.0,47.0,123.0,Flu,Low,8,76.9,55.285714285714285,126.57142857142857,Low
2025-08-31,Erode,8.0,34.0,63.0,214.0,Gastro,Medium,8,122.0,55.285714285714285,133.71428571428572,Low
2025-09-01,Tirunelveli,56.0,38.0,66.0,127.0,Flu,Medium,9,93.5,52.142857142857146,137.14285714285714,Medium
2025-09-02,Trichy,54.0,35.0,68.0,70.0,Flu,Medium,9,64.8,49.42857142857143,129.0,Medium
2025-09-03,Salem,23.0,30.0,60.0,229.0,Flu,Low,9,133.4,42.714285714285715,152.85714285714286,Low
2025-09-04,Tirunelveli,46.0,31.0,68.0,168.0,Gastro,Medium,9,111.4,38.0,152.57142857142858,Low
2025-09-05,Salem,74.0,30.0,40.0,31.0,Flu,Low,9,45.7,40.142857142857146,137.42857142857142,Low
2025-09-06,Trichy,50.0,26.0,41.0,97.0,Flu,Low,9,71.7,44.42857142857143,133.71428571428572,Low
2025-09-07,Erode,49.0,34.0,66.0,45.0,Flu,Low,9,50.4,50.285714285714285,109.57142857142857,Low
2025-09-08,Madurai,51.0,33.0,64.0,127.0,Flu,Low,9,91.6,49.57142857142857,109.57142857142857,Low
2025-09-09,Trichy,67.0,38.0,55.0,100.0,Flu,Medium,9,81.1,51.42857142857143,113.85714285714286,Medium
2025-09-10,Vellore,30.0,26.0,43.0,27.0,Flu,Low,9,31.1,52.42857142857143,85.0,Low
2025-09-11,Tirunelveli,56.0,33.0,54.0,233.0,Flu,Low,9,144.1,53.857142857142854,94.28571428571429,Low
2025-09-12,Coimbatore,18.0,37.0,65.0,234.0,Flu,Medium,9,135.4,45.857142857142854,123.28571428571429,Medium
2025-09-13,Chennai,82.0,27.0,63.0,128.0,Gastro,Medium,9,101.2,50.42857142857143,127.71428571428571,Low
2025-09-14,Vellore,30.0,36.0,53.0,127.0,Flu,Medium,9,83.1,47.714285714285715,139.42857142857142,Medium
2025-09-15,Coimbatore,11.0,32.0,42.0,126.0,Flu,Low,9,74.7,42.0,139.28571428571428,Low
2025-09-16,Coimbatore,22.0,31.0,65.0,246.0,Gastro,Medium,9,142.6,35.57142857142857,160.14285714285714,Low
2025-09-17,Salem,19.0,32.0,64.0,248.0,Gastro,Medium,9,142.5,34.0,191.71428571428572,Low
2025-09-18,Trichy,32.0,32.0,49.0,204.0,Flu,Low,9,121.4,30.571428571428573,187.57142857142858,Low
2025-09-19,Madurai,21.0,31.0,46.0,237.0,Flu,Low,9,134.0,31.0,188.0,Low
2025-09-20,Tirunelveli,48.0,26.0,64.0,32.0,Flu,Low,9,43.2,26.142857142857142,174.28571428571428,Low
2025-09-21,Coimbatore,88.0,29.0,64.0,157.0,Gastro,Medium,9,117.7,34.42857142857143,178.57142857142858,Low
2025-09-22,Salem,71.0,38.0,48.0,165.0,Flu,Medium,9,113.4,43.0,184.14285714285714,Medium
2025-09-23,Tirunelveli,38.0,33.0,54.0,187.0,Flu,Low,9,115.7,45.285714285714285,175.71428571428572,Low
2025-09-24,Trichy,87.0,34.0,49.0,120.0,Flu,Low,9,95.9,55.0,157.42857142857142,Low
2025-09-25,Madurai,10.0,35.0,59.0,83.0,Flu,Medium,9,56.3,51.857142857142854,140.14285714285714,Medium
2025-09-26,Vellore,63.0,36.0,59.0,128.0,Flu,Medium,9,94.7,57.857142857142854,124.57142857142857,Medium
2025-09-27,Trichy,74.0,34.0,44.0,52.0,Flu,Low,9,57.0,61.57142857142857,127.42857142857143,Low
2025-09-28,Chennai,57.0,30.0,61.0,217.0,Gastro,Medium,9,137.8,57.142857142857146,136.0,Low
2025-09-29,Trichy,74.0,29.0,59.0,113.0,Gastro,Medium,9,90.5,57.57142857142857,128.57142857142858,Low
2025-09-30,Coimbatore,79.0,39.0,69.0,113.0,Flu,Medium,9,94.0,63.42857142857143,118.0,Medium
2025-10-01,Madurai,123.0,32.0,78.0,150.0,Gastro,Medium,10,127.5,68.57142857142857,122.28571428571429,Low
2025-10-02,Trichy,130.0,30.0,77.0,55.0,Flu,Low,10,81.9,85.71428571428571,118.28571428571429,Low
2025-10-03,Coimbatore,123.0,27.0,75.0,231.0,Dengue,High,10,167.4,94.28571428571429,133.0,Low
2025-10-04,Coimbatore,174.0,31.0,73.0,137.0,Gastro,Medium,10,135.3,108.57142857142857,145.14285714285714,Low
2025-10-05,Madurai,150.0,36.0,71.0,155.0,Flu,Medium,10,136.7,121.85714285714286,136.28571428571428,Medium
2025-10-06,Trichy,125.0,38.0,88.0,63.0,Flu,Medium,10,86.6,129.14285714285714,129.14285714285714,Medium
2025-10-07,Trichy,104.0,35.0,75.0,137.0,Flu,Medium,10,114.7,132.71428571428572,132.57142857142858,Medium
2025-10-08,Salem,167.0,29.0,88.0,244.0,Dengue,High,10,189.7,139.0,146.0,Low
2025-10-09,Tirunelveli,119.0,37.0,86.0,66.0,Flu,Medium,10,85.89999999999999,137.42857142857142,147.57142857142858,Medium
2025-10-10,Salem,100.0,31.0,83.0,56.0,Flu,Low,10,74.6,134.14285714285714,122.57142857142857,Low
2025-10-11,Trichy,110.0,38.0,73.0,22.0,Flu,Medium,10,58.6,125.0,106.14285714285714,Medium
2025-10-12,Vellore,132.0,27.0,75.0,29.0,Flu,Low,10,69.1,122.42857142857143,88.14285714285714,Low
2025-10-13,Trichy,104.0,37.0,79.0,149.0,Flu,Medium,10,121.5,119.42857142857143,100.42857142857143,Medium
2025-10-14,Chennai,112.0,27.0,77.0,103.0,Gastro,Medium,10,100.5,120.57142857142857,95.57142857142857,Low
2025-10-15,Coimbatore,164.0,34.0,74.0,36.0,Flu,Low,10,82.0,120.14285714285714,65.85714285714286,Low
2025-10-16,Erode,108.0,33.0,80.0,57.0,Flu,Low,10,76.9,118.57142857142857,64.57142857142857,Low
2025-10-17,Trichy,134.0,30.0,59.0,81.0,Gastro,Medium,10,92.5,123.42857142857143,68.14285714285714,Low
2025-10-18,Chennai,159.0,27.0,59.0,97.0,Gastro,Medium,10,108.0,130.42857142857142,78.85714285714286,Low
2025-10-19,Chennai,56.0,27.0,78.0,95.0,Gastro,Medium,10,79.9,119.57142857142857,88.28571428571429,Low
2025-10-20,Tirunelveli,134.0,33.0,70.0,127.0,Gastro,Medium,10,117.69999999999999,123.85714285714286,85.14285714285714,Low
2025-10-21,Madurai,121.0,36.0,77.0,124.0,Flu,Medium,10,113.69999999999999,125.14285714285714,88.14285714285714,Medium
2025-10-22,Trichy,113.0,30.0,72.0,184.0,Gastro,Medium,10,140.3,117.85714285714286,109.28571428571429,Low
2025-10-23,Madurai,104.0,36.0,88.0,97.0,Flu,Medium,10,97.3,117.28571428571429,115.0,Medium
2025-10-24,Vellore,125.0,34.0,73.0,61.0,Flu,Low,10,82.6,116.0,112.14285714285714,Low
2025-10-25,Erode,117.0,33.0,77.0,58.0,Flu,Low,10,79.5,110.0,106.57142857142857,Low
2025-10-26,Chennai,56.0,38.0,59.0,185.0,Flu,Medium,10,121.1,110.0,119.42857142857143,Medium
2025-10-27,Coimbatore,122.0,26.0,84.0,127.0,Dengue,High,10,116.9,108.28571428571429,119.42857142857143,Low
2025-10-28,Coimbatore,116.0,32.0,70.0,213.0,Gastro,Medium,10,155.3,107.57142857142857,132.14285714285714,Low
2025-10-29,Madurai,177.0,33.0,77.0,198.0,Dengue,High,10,167.5,116.71428571428571,134.14285714285714,Low
2025-10-30,Chennai,138.0,31.0,88.0,153.0,Gastro,Medium,10,135.5,121.57142857142857,142.14285714285714,Low
2025-10-31,Tirunelveli,166.0,28.0,76.0,127.0,Dengue,High,10,128.5,127.42857142857143,151.57142857142858,High
2025-11-01,Madurai,141.0,33.0,89.0,52.0,Flu,Medium,11,86.1,130.85714285714286,150.71428571428572,High
2025-11-02,Erode,126.0,38.0,73.0,57.0,Flu,Medium,11,80.9,140.85714285714286,132.42857142857142,Medium
2025-11-03,Madurai,156.0,38.0,70.0,248.0,Dengue,High,11,184.8,145.71428571428572,149.71428571428572,Medium
2025-11-04,Chennai,126.0,39.0,70.0,215.0,Dengue,High,11,159.3,147.14285714285714,150.0,Medium
2025-11-05,Trichy,165.0,30.0,79.0,142.0,Gastro,Medium,11,136.3,145.42857142857142,142.0,Low
2025-11-06,Tirunelveli,173.0,31.0,70.0,57.0,Flu,Low,11,94.4,150.42857142857142,128.28571428571428,Low
2025-11-07,Chennai,56.0,29.0,84.0,128.0,Gastro,Medium,11,97.6,134.71428571428572,128.42857142857142,Low
2025-11-08,Tirunelveli,151.0,38.0,84.0,155.0,Flu,Medium,11,139.6,136.14285714285714,143.14285714285714,Medium
2025-11-09,Salem,56.0,29.0,84.0,95.0,Gastro,Medium,11,81.1,126.14285714285714,148.57142857142858,Low
2025-11-10,Salem,144.0,36.0,71.0,114.0,Flu,Medium,11,114.4,124.42857142857143,129.42857142857142,Medium
2025-11-11,Coimbatore,135.0,35.0,73.0,62.0,Flu,Medium,11,86.1,125.71428571428571,107.57142857142857,Medium
2025-11-12,Tirunelveli,126.0,29.0,74.0,30.0,Flu,Low,11,67.6,120.14285714285714,91.57142857142857,Low
2025-11-13,Erode,173.0,31.0,77.0,153.0,Gastro,Medium,11,143.8,120.14285714285714,105.28571428571429,Low
2025-11-14,Madurai,171.0,35.0,59.0,65.0,Flu,Medium,11,95.6,136.57142857142858,96.28571428571429,Medium
2025-11-15,Salem,111.0,33.0,82.0,209.0,Gastro,Medium,11,154.2,130.85714285714286,104.0,Low
2025-11-16,Madurai,159.0,37.0,80.0,119.0,Flu,Medium,11,123.19999999999999,145.57142857142858,107.42857142857143,Medium
2025-11-17,Madurai,167.0,33.0,74.0,56.0,Flu,Low,11,92.9,148.85714285714286,99.14285714285714,Low
2025-11-18,Erode,171.0,26.0,79.0,111.0,Gastro,Medium,11,122.6,154.0,106.14285714285714,Low
2025-11-19,Chennai,130.0,31.0,78.0,70.0,Flu,Low,11,89.6,154.57142857142858,111.85714285714286,Low
2025-11-20,Madurai,128.0,33.0,83.0,60.0,Flu,Low,11,85.0,148.14285714285714,98.57142857142857,Low
2025-11-21,Tirunelveli,110.0,39.0,70.0,120.0,Flu,Medium,11,107.0,139.42857142857142,106.42857142857143,Medium
2025-11-22,Erode,120.0,29.0,83.0,201.0,Gastro,Medium,11,153.1,140.71428571428572,105.28571428571429,Low
2025-11-23,Salem,156.0,31.0,70.0,74.0,Flu,Low,11,97.8,140.28571428571428,98.85714285714286,Low
2025-11-24,Trichy,139.0,33.0,84.0,194.0,Dengue,High,11,155.5,136.28571428571428,118.57142857142857,Low
2025-11-25,Madurai,172.0,35.0,78.0,199.0,Dengue,High,11,166.7,136.42857142857142,131.14285714285714,Medium
2025-11-26,Coimbatore,156.0,28.0,78.0,82.0,Gastro,Medium,11,103.4,140.14285714285714,132.85714285714286,Low
2025-11-27,Erode,124.0,31.0,80.0,149.0,Gastro,Medium,11,127.69999999999999,139.57142857142858,145.57142857142858,Low
2025-11-28,Chennai,106.0,36.0,87.0,181.0,Flu,Medium,11,139.7,139.0,154.28571428571428,High
2025-11-29,Vellore,116.0,36.0,80.0,127.0,Flu,Medium,11,114.3,138.42857142857142,143.71428571428572,Medium
2025-11-30,Salem,150.0,29.0,76.0,217.0,Dengue,High,11,168.7,137.57142857142858,164.14285714285714,High
2025-12-01,Salem,132.0,38.0,86.0,82.0,Flu,Medium,12,97.8,136.57142857142858,148.14285714285714,Medium
2025-12-02,Vellore,121.0,30.0,87.0,68.0,Flu,Low,12,87.7,129.28571428571428,129.42857142857142,Low
2025-12-03,Tirunelveli,170.0,29.0,86.0,124.0,Gastro,Medium,12,130.2,131.28571428571428,135.42857142857142,Low
2025-12-04,Trichy,148.0,31.0,89.0,105.0,Gastro,Medium,12,114.7,134.71428571428572,129.14285714285714,Low
2025-12-05,Salem,162.0,26.0,77.0,90.0,Gastro,Medium,12,109.0,142.71428571428572,116.14285714285714,Low
2025-12-06,Salem,100.0,39.0,82.0,234.0,Flu,Medium,12,163.4,140.42857142857142,131.42857142857142,Medium
2025-12-07,Chennai,150.0,39.0,88.0,51.0,Flu,Medium,12,88.1,140.42857142857142,107.71428571428571,Medium
2025-12-08,Salem,129.0,38.0,86.0,240.0,Dengue,High,12,175.89999999999998,140.0,130.28571428571428,Medium
2025-12-09,Erode,129.0,33.0,85.0,38.0,Flu,Low,12,74.69999999999999,141.14285714285714,126.0,Low
2025-12-10,Tirunelveli,117.0,39.0,70.0,134.0,Flu,Medium,12,116.1,133.57142857142858,127.42857142857143,Medium
2025-12-11,Trichy,146.0,27.0,87.0,239.0,Dengue,High,12,180.7,133.28571428571428,146.57142857142858,Low
2025-12-12,Coimbatore,137.0,29.0,88.0,148.0,Gastro,Medium,12,132.7,129.71428571428572,154.85714285714286,High
2025-12-13,Trichy,107.0,28.0,76.0,51.0,Flu,Low,12,72.80000000000001,130.71428571428572,128.71428571428572,Low
2025-12-14,Tirunelveli,109.0,28.0,79.0,129.0,Gastro,Medium,12,113.0,124.85714285714286,139.85714285714286,Low
2025-12-15,Erode,133.0,32.0,70.0,74.0,Flu,Low,12,90.9,125.42857142857143,116.14285714285714,Low
2025-12-16,Tirunelveli,131.0,32.0,87.0,112.0,Gastro,Medium,12,112.7,125.71428571428571,126.71428571428571,Low
2025-12-17,Chennai,107.0,34.0,70.0,86.0,Gastro,Medium,12,89.1,124.28571428571429,119.85714285714286,Low
2025-12-18,Coimbatore,56.0,31.0,77.0,248.0,Dengue,High,12,156.2,111.42857142857143,121.14285714285714,Low
2025-12-19,Trichy,166.0,26.0,88.0,111.0,Gastro,Medium,12,122.9,115.57142857142857,115.85714285714286,Low
2025-12-20,Madurai,107.0,28.0,71.0,115.0,Gastro,Medium,12,103.80000000000001,115.57142857142857,125.0,Low
2025-12-21,Trichy,177.0,36.0,83.0,163.0,Flu,Medium,12,151.2,125.28571428571429,129.85714285714286,Medium
2025-12-22,Chennai,167.0,30.0,89.0,201.0,Dengue,High,12,168.4,130.14285714285714,148.0,Low
2025-12-23,Coimbatore,56.0,27.0,59.0,26.0,Flu,Low,12,41.6,119.42857142857143,135.71428571428572,Low
2025-12-24,Erode,173.0,26.0,76.0,170.0,Gastro,Medium,12,152.1,128.85714285714286,147.71428571428572,Low
2025-12-25,Tirunelveli,118.0,38.0,85.0,166.0,Flu,Medium,12,135.4,137.71428571428572,136.0,Medium
2025-12-26,Tirunelveli,135.0,27.0,87.0,148.0,Gastro,Medium,12,131.9,133.28571428571428,141.28571428571428,Low
2025-12-27,Erode,146.0,29.0,74.0,30.0,Flu,Low,12,73.6,138.85714285714286,129.14285714285714,Low
2025-12-28,Coimbatore,101.0,33.0,72.0,138.0,Gastro,Medium,12,113.69999999999999,128.0,125.57142857142857,Low
2025-12-29,Erode,111.0,30.0,89.0,56.0,Flu,Low,12,79.1,120.0,104.85714285714286,Low
2025-12-30,Salem,137.0,27.0,78.0,72.0,Flu,Low,12,92.7,131.57142857142858,111.42857142857143,Low
2025-12-31,Trichy,143.0,29.0,72.0,105.0,Gastro,Medium,12,109.8,127.28571428571429,102.14285714285714,Low
2026-01-01,Chennai,28.0,35.0,56.0,177.0,Flu,Medium,1,108.1,114.42857142857143,103.71428571428571,Medium
2026-01-02,Erode,63.0,32.0,53.0,147.0,Flu,Low,1,103.0,104.14285714285714,103.57142857142857,Low
2026-01-03,Chennai,56.0,28.0,57.0,228.0,Flu,Low,1,142.2,91.28571428571429,131.85714285714286,Low
2026-01-04,Salem,18.0,33.0,59.0,213.0,Flu,Low,1,123.7,79.42857142857143,142.57142857142858,Low
2026-01-05,Tirunelveli,29.0,34.0,46.0,41.0,Flu,Low,1,38.4,67.71428571428571,140.42857142857142,Low
2026-01-06,Erode,8.0,35.0,65.0,48.0,Flu,Medium,1,39.4,49.285714285714285,137.0,Medium
2026-01-07,Coimbatore,41.0,31.0,50.0,165.0,Flu,Low,1,104.8,34.714285714285715,145.57142857142858,Low
2026-01-08,Tirunelveli,89.0,29.0,49.0,60.0,Flu,Low,1,66.5,43.42857142857143,128.85714285714286,Low
2026-01-09,Tirunelveli,56.0,26.0,41.0,184.0,Flu,Low,1,117.0,42.42857142857143,134.14285714285714,Low
2026-01-10,Coimbatore,29.0,35.0,59.0,127.0,Flu,Medium,1,84.0,38.57142857142857,119.71428571428571,Medium
2026-01-11,Trichy,89.0,34.0,66.0,50.0,Flu,Low,1,64.9,48.714285714285715,96.42857142857143,Low
2026-01-12,Trichy,10.0,33.0,66.0,117.0,Gastro,Medium,1,74.7,46.0,107.28571428571429,Low
2026-01-13,Erode,16.0,34.0,52.0,72.0,Flu,Low,1,51.2,47.142857142857146,110.71428571428571,Low
2026-01-14,Tirunelveli,75.0,38.0,49.0,164.0,Flu,Medium,1,114.3,52.0,110.57142857142857,Medium
2026-01-15,Erode,30.0,37.0,60.0,209.0,Flu,Medium,1,125.5,43.57142857142857,131.85714285714286,Medium
2026-01-16,Trichy,50.0,37.0,41.0,73.0,Flu,Medium,1,59.7,42.714285714285715,116.0,Medium
2026-01-17,Madurai,69.0,30.0,58.0,55.0,Flu,Low,1,59.8,48.42857142857143,105.71428571428571,Low
2026-01-18,Salem,30.0,30.0,68.0,30.0,Flu,Low,1,37.6,40.0,102.85714285714286,Low
2026-01-19,Erode,44.0,29.0,50.0,132.0,Flu,Low,1,89.2,44.857142857142854,105.0,Low
2026-01-20,Erode,63.0,33.0,46.0,246.0,Flu,Low,1,151.1,51.57142857142857,129.85714285714286,Low
2026-01-21,Madurai,58.0,32.0,59.0,130.0,Flu,Low,1,94.2,49.142857142857146,125.0,Low
2026-01-22,Trichy,28.0,31.0,61.0,88.0,Gastro,Medium,1,64.6,48.857142857142854,107.71428571428571,Low
2026-01-23,Erode,60.0,35.0,40.0,55.0,Flu,Medium,1,53.5,50.285714285714285,105.14285714285714,Medium
2026-01-24,Chennai,24.0,33.0,58.0,100.0,Flu,Low,1,68.8,43.857142857142854,111.57142857142857,Low
2026-01-25,Trichy,66.0,38.0,66.0,127.0,Flu,Medium,1,96.5,49.0,125.42857142857143,Medium
2026-01-26,Trichy,77.0,27.0,59.0,92.0,Gastro,Medium,1,80.9,53.714285714285715,119.71428571428571,Low
2026-01-27,Salem,77.0,26.0,47.0,148.0,Flu,Low,1,106.5,55.714285714285715,105.71428571428571,Low
2026-01-28,Erode,65.0,33.0,50.0,61.0,Flu,Low,1,60.0,56.714285714285715,95.85714285714286,Low
2026-01-29,Tirunelveli,29.0,28.0,46.0,150.0,Flu,Low,1,92.9,56.857142857142854,104.71428571428571,Low
2026-01-30,Vellore,48.0,33.0,58.0,121.0,Flu,Medium,1,86.5,55.142857142857146,114.14285714285714,Low
2026-01-31,Vellore,16.0,30.0,58.0,63.0,Flu,Low,1,47.900000000000006,54.0,108.85714285714286,Low
2026-02-01,Vellore,63.0,26.0,66.0,208.0,Gastro,Medium,2,136.1,53.57142857142857,120.42857142857143,Low
2026-02-02,Salem,21.0,34.0,49.0,74.0,Flu,Low,2,53.1,45.57142857142857,117.85714285714286,Low
2026-02-03,Vellore,51.0,39.0,51.0,99.0,Flu,Medium,2,75.0,41.857142857142854,110.85714285714286,Medium
2026-02-04,Madurai,87.0,30.0,47.0,100.0,Flu,Low,2,85.5,45.0,116.42857142857143,Low
2026-02-05,Coimbatore,84.0,33.0,45.0,44.0,Flu,Low,2,56.2,52.857142857142854,101.28571428571429,Low
2026-02-06,Trichy,86.0,37.0,64.0,162.0,Flu,Medium,2,119.6,58.285714285714285,107.14285714285714,Medium
2026-02-07,Tirunelveli,63.0,34.0,65.0,128.0,Gastro,Medium,2,95.9,65.0,116.42857142857143,Low
2026-02-08,Coimbatore,30.0,35.0,54.0,35.0,Flu,Medium,2,37.3,60.285714285714285,91.71428571428571,Medium
2026-02-09,Salem,75.0,32.0,56.0,45.0,Flu,Low,2,56.2,68.0,87.57142857142857,Low
2026-02-10,Trichy,89.0,35.0,61.0,154.0,Flu,Medium,2,115.9,73.42857142857143,95.42857142857143,Medium
2026-02-11,Salem,18.0,30.0,54.0,26.0,Flu,Low,2,29.2,63.57142857142857,84.85714285714286,Low
2026-02-12,Salem,13.0,33.0,58.0,78.0,Flu,Low,2,54.5,53.42857142857143,89.71428571428571,Low
2026-02-13,Madurai,86.0,29.0,69.0,186.0,Gastro,Medium,2,132.6,53.42857142857143,93.14285714285714,Low
2026-02-14,Chennai,22.0,35.0,66.0,122.0,Flu,Medium,2,80.8,47.57142857142857,92.28571428571429,Medium
2026-02-15,Chennai,21.0,33.0,53.0,127.0,Flu,Low,2,80.4,46.285714285714285,105.42857142857143,Low
2026-02-16,Salem,64.0,27.0,52.0,150.0,Flu,Low,2,104.6,44.714285714285715,120.42857142857143,Low
2026-02-17,Vellore,41.0,33.0,50.0,237.0,Flu,Low,2,140.8,37.857142857142854,132.28571428571428,Low
2026-02-18,Coimbatore,59.0,37.0,62.0,58.0,Flu,Medium,2,59.1,43.714285714285715,136.85714285714286,Medium
2026-02-19,Vellore,19.0,26.0,63.0,23.0,Flu,Low,2,29.8,44.57142857142857,129.0,Low
2026-02-20,Erode,29.0,27.0,52.0,180.0,Flu,Low,2,109.1,36.42857142857143,128.14285714285714,Low
2026-02-21,Salem,20.0,35.0,52.0,127.0,Flu,Medium,2,79.9,36.142857142857146,128.85714285714286,Medium
2026-02-22,Erode,70.0,28.0,62.0,127.0,Gastro,Medium,2,96.9,43.142857142857146,128.85714285714286,Low
2026-02-23,Vellore,38.0,36.0,69.0,32.0,Flu,Medium,2,41.2,39.42857142857143,112.0,Medium
2026-02-24,Erode,17.0,28.0,57.0,142.0,Flu,Low,2,87.5,36.0,98.42857142857143,Low
2026-02-25,Salem,43.0,29.0,53.0,48.0,Flu,Low,2,47.5,33.714285714285715,97.0,Low
2026-02-26,Madurai,66.0,38.0,56.0,81.0,Flu,Medium,2,71.5,40.42857142857143,105.28571428571429,Medium
2026-02-27,Chennai,61.0,33.0,55.0,140.0,Flu,Low,2,99.3,45.0,99.57142857142857,Low
2026-02-28,Coimbatore,14.0,34.0,69.0,122.0,Gastro,Medium,2,79.0,44.142857142857146,98.85714285714286,Low
2026-03-01,Erode,88.0,26.0,44.0,241.0,Flu,Low,3,155.7,46.714285714285715,115.14285714285714,Low
2026-03-02,Salem,53.0,38.0,42.0,161.0,Flu,Medium,3,104.8,48.857142857142854,133.57142857142858,Medium
2026-03-03,Madurai,34.0,33.0,57.0,165.0,Flu,Low,3,104.1,51.285714285714285,136.85714285714286,Low
2026-03-04,Vellore,66.0,34.0,44.0,195.0,Flu,Low,3,126.1,54.57142857142857,157.85714285714286,Low
2026-03-05,Chennai,56.0,39.0,60.0,226.0,Flu,Medium,3,141.8,53.142857142857146,178.57142857142858,Medium
2026-03-06,Salem,77.0,33.0,54.0,140.0,Flu,Low,3,103.9,55.42857142857143,178.57142857142858,Low
2026-03-07,Coimbatore,72.0,36.0,51.0,56.0,Flu,Medium,3,59.8,63.714285714285715,169.14285714285714,Medium
2026-03-08,Vellore,65.0,36.0,44.0,143.0,Flu,Medium,3,99.8,60.42857142857143,155.14285714285714,Medium
2026-03-09,Madurai,56.0,33.0,59.0,82.0,Flu,Low,3,69.6,60.857142857142854,143.85714285714286,Low
2026-03-10,Vellore,50.0,36.0,63.0,81.0,Flu,Medium,3,68.1,63.142857142857146,131.85714285714286,Medium
2026-03-11,Tirunelveli,81.0,34.0,41.0,218.0,Flu,Low,3,141.5,65.28571428571429,135.14285714285714,Low
2026-03-12,Vellore,56.0,36.0,43.0,91.0,Flu,Medium,3,70.9,65.28571428571429,115.85714285714286,Medium
2026-03-13,Erode,24.0,31.0,68.0,136.0,Gastro,Medium,3,88.8,57.714285714285715,115.28571428571429,Low
2026-03-14,Vellore,78.0,27.0,50.0,76.0,Flu,Low,3,71.4,58.57142857142857,118.14285714285714,Low
2026-03-15,Madurai,45.0,35.0,56.0,22.0,Flu,Medium,3,35.7,55.714285714285715,100.85714285714286,Medium
2026-03-16,Vellore,10.0,30.0,44.0,73.0,Flu,Low,3,48.3,49.142857142857146,99.57142857142857,Low
2026-03-17,Vellore,51.0,26.0,62.0,28.0,Flu,Low,3,41.7,49.285714285714285,92.0,Low
2026-03-18,Trichy,24.0,26.0,65.0,80.0,Flu,Low,3,60.2,41.142857142857146,72.28571428571429,Low
2026-03-19,Salem,39.0,27.0,57.0,81.0,Flu,Low,3,63.6,38.714285714285715,70.85714285714286,Low
2026-03-20,Trichy,21.0,28.0,63.0,179.0,Gastro,Medium,3,108.4,38.285714285714285,77.0,Low
2026-03-21,Vellore,17.0,38.0,63.0,108.0,Flu,Medium,3,71.7,29.571428571428573,81.57142857142857,Medium
2026-03-22,Salem,77.0,39.0,43.0,120.0,Flu,Medium,3,91.69999999999999,34.142857142857146,95.57142857142857,Medium
2026-03-23,Trichy,15.0,33.0,59.0,86.0,Flu,Low,3,59.3,34.857142857142854,97.42857142857143,Low
2026-03-24,Vellore,33.0,33.0,48.0,127.0,Flu,Low,3,83.0,32.285714285714285,111.57142857142857,Low
2026-03-25,Coimbatore,80.0,34.0,49.0,226.0,Flu,Low,3,146.8,40.285714285714285,132.42857142857142,Low
2026-03-26,Trichy,44.0,30.0,64.0,158.0,Gastro,Medium,3,105.0,41.0,143.42857142857142,Low
2026-03-27,Salem,63.0,33.0,41.0,143.0,Flu,Low,3,98.6,47.0,138.28571428571428,Low
2026-03-28,Trichy,83.0,33.0,45.0,152.0,Flu,Low,3,109.9,56.42857142857143,144.57142857142858,Low
2026-03-29,Tirunelveli,52.0,27.0,65.0,217.0,Gastro,Medium,3,137.1,52.857142857142854,158.42857142857142,Low
2026-03-30,Tirunelveli,41.0,38.0,67.0,47.0,Flu,Medium,3,49.2,56.57142857142857,152.85714285714286,Medium
2026-03-31,Coimbatore,73.0,26.0,52.0,133.0,Flu,Low,3,98.8,62.285714285714285,153.71428571428572,Low
2026-04-01,Madurai,44.0,39.0,52.0,112.0,Flu,Medium,4,79.6,57.142857142857146,137.42857142857142,Medium
2026-04-02,Madurai,62.0,33.0,42.0,59.0,Flu,Low,4,56.5,59.714285714285715,123.28571428571429,Low
2026-04-03,Salem,44.0,38.0,59.0,52.0,Flu,Medium,4,51.0,57.0,110.28571428571429,Medium
2026-04-04,Erode,10.0,28.0,59.0,99.0,Gastro,Medium,4,64.3,46.57142857142857,102.71428571428571,Low
2026-04-05,Madurai,44.0,26.0,67.0,78.0,Flu,Low,4,65.6,45.42857142857143,82.85714285714286,Low
2026-04-06,Salem,63.0,34.0,55.0,32.0,Flu,Low,4,45.9,48.57142857142857,80.71428571428571,Low
2026-04-07,Coimbatore,49.0,30.0,64.0,189.0,Gastro,Medium,4,122.0,45.142857142857146,88.71428571428571,Low
2026-04-08,Erode,67.0,31.0,66.0,207.0,Gastro,Medium,4,136.8,48.42857142857143,102.28571428571429,Low
2026-04-09,Erode,11.0,36.0,44.0,64.0,Flu,Medium,4,44.1,41.142857142857146,103.0,Medium
2026-04-10,Tirunelveli,62.0,28.0,64.0,50.0,Flu,Low,4,56.4,43.714285714285715,102.71428571428571,Low
2026-04-11,Vellore,27.0,35.0,49.0,179.0,Flu,Medium,4,107.4,46.142857142857146,114.14285714285714,Medium
2026-04-12,Erode,57.0,32.0,69.0,178.0,Gastro,Medium,4,119.9,48.0,128.42857142857142,Low
2026-04-13,Chennai,86.0,27.0,43.0,225.0,Flu,Low,4,146.9,51.285714285714285,156.0,Low
2026-04-14,Salem,81.0,37.0,68.0,58.0,Flu,Medium,4,66.9,55.857142857142854,137.28571428571428,Medium
2026-04-15,Erode,70.0,39.0,52.0,174.0,Flu,Medium,4,118.4,56.285714285714285,132.57142857142858,Medium
2026-04-16,Erode,21.0,27.0,47.0,207.0,Flu,Low,4,119.2,57.714285714285715,153.0,Low
2026-04-17,Chennai,68.0,38.0,63.0,182.0,Flu,Medium,4,124.0,58.57142857142857,171.85714285714286,Medium
2026-04-18,Erode,74.0,39.0,58.0,218.0,Flu,Medium,4,142.8,65.28571428571429,177.42857142857142,Medium
2026-04-19,Vellore,78.0,27.0,48.0,82.0,Flu,Low,4,74.0,68.28571428571429,163.71428571428572,Low
2026-04-20,Chennai,32.0,39.0,67.0,56.0,Flu,Medium,4,51.0,60.57142857142857,139.57142857142858,Medium
2026-04-21,Tirunelveli,26.0,29.0,43.0,115.0,Flu,Low,4,73.9,52.714285714285715,147.71428571428572,Low
2026-04-22,Trichy,72.0,26.0,66.0,31.0,Flu,Low,4,50.3,53.0,127.28571428571429,Low
2026-04-23,Erode,26.0,35.0,56.0,137.0,Flu,Medium,4,87.5,53.714285714285715,117.28571428571429,Medium
2026-04-24,Erode,69.0,35.0,61.0,139.0,Flu,Medium,4,102.4,53.857142857142854,111.14285714285714,Medium
2026-04-25,Salem,86.0,39.0,57.0,211.0,Flu,Medium,4,142.7,55.57142857142857,110.14285714285714,Medium
2026-04-26,Vellore,51.0,37.0,68.0,183.0,Flu,Medium,4,120.4,51.714285714285715,124.57142857142857,Medium
2026-04-27,Salem,56.0,37.0,68.0,26.0,Flu,Medium,4,43.400000000000006,55.142857142857146,120.28571428571429,Medium
2026-04-28,Trichy,56.0,26.0,50.0,153.0,Flu,Low,4,103.3,59.42857142857143,125.71428571428571,Low
2026-04-29,Erode,83.0,36.0,58.0,77.0,Flu,Medium,4,75.0,61.0,132.28571428571428,Medium
2026-04-30,Vellore,30.0,39.0,41.0,245.0,Flu,Medium,4,139.7,61.57142857142857,147.71428571428572,Medium
2026-05-01,Chennai,56.0,26.0,43.0,118.0,Flu,Low,5,84.4,59.714285714285715,144.71428571428572,Low
2026-05-02,Erode,17.0,32.0,48.0,34.0,Flu,Low,5,31.700000000000003,49.857142857142854,119.42857142857143,Low
2026-05-03,Tirunelveli,33.0,36.0,68.0,127.0,Flu,Medium,5,87.0,47.285714285714285,111.42857142857143,Medium
2026-05-04,Erode,36.0,39.0,41.0,103.0,Flu,Medium,5,70.5,44.42857142857143,122.42857142857143,Medium
2026-05-05,Madurai,26.0,36.0,50.0,214.0,Flu,Medium,5,124.8,40.142857142857146,131.14285714285714,Medium
2026-05-06,Vellore,85.0,37.0,69.0,203.0,Flu,Medium,5,140.8,40.42857142857143,149.14285714285714,Medium
2026-05-07,Madurai,25.0,30.0,54.0,206.0,Flu,Low,5,121.3,39.714285714285715,143.57142857142858,Low
2026-05-08,Chennai,88.0,28.0,45.0,204.0,Flu,Low,5,137.4,44.285714285714285,155.85714285714286,Low
2026-05-09,Erode,73.0,36.0,42.0,20.0,Flu,Medium,5,40.3,52.285714285714285,153.85714285714286,Medium
2026-05-10,Chennai,62.0,31.0,67.0,34.0,Flu,Low,5,49.0,56.42857142857143,140.57142857142858,Low
2026-05-11,Coimbatore,38.0,28.0,68.0,127.0,Gastro,Medium,5,88.5,56.714285714285715,144.0,Low
2026-05-12,Erode,29.0,37.0,63.0,37.0,Flu,Medium,5,39.8,57.142857142857146,118.71428571428571,Medium
2026-05-13,Madurai,19.0,36.0,51.0,91.0,Flu,Medium,5,61.400000000000006,47.714285714285715,102.71428571428571,Medium
2026-05-14,Vellore,64.0,34.0,53.0,164.0,Flu,Low,5,111.8,53.285714285714285,96.71428571428571,Low
2026-05-15,Madurai,57.0,36.0,47.0,193.0,Flu,Medium,5,123.0,48.857142857142854,95.14285714285714,Medium
